im_name,class_id,Xc,Yc,w,h
Frames/RainyDay2/00081.jpg,2,1011,594,56,58
Frames/RainyDay2/00082.jpg,2,1006,599,54,59
Frames/RainyDay2/00083.jpg,2,1007,600,60,71
Frames/RainyDay2/00084.jpg,2,1006,603,58,62
Frames/RainyDay2/00085.jpg,2,1007,598,52,66
Frames/RainyDay2/00086.jpg,2,1000,596,51,66
Frames/RainyDay2/00087.jpg,2,999,595,53,68
Frames/RainyDay2/00088.jpg,2,996,594,60,74
Frames/RainyDay2/00089.jpg,2,991,598,54,79
Frames/RainyDay2/00090.jpg,2,987,597,55,81
Frames/RainyDay2/00091.jpg,2,985,600,59,83
Frames/RainyDay2/00092.jpg,2,976,597,66,85
Frames/RainyDay2/00093.jpg,2,973,600,68,91
Frames/RainyDay2/00094.jpg,2,967,598,61,96
Frames/RainyDay2/00095.jpg,2,965,597,62,93
Frames/RainyDay2/00096.jpg,2,954,595,79,94
Frames/RainyDay2/00097.jpg,2,951,597,69,85
Frames/RainyDay2/00098.jpg,2,946,600,66,87
Frames/RainyDay2/00099.jpg,2,935,598,75,87
Frames/RainyDay2/00100.jpg,2,926,598,72,91
Frames/RainyDay2/00101.jpg,2,915,598,72,101
Frames/RainyDay2/00102.jpg,2,904,598,73,105
Frames/RainyDay2/00103.jpg,2,892,600,79,109
Frames/RainyDay2/00104.jpg,2,880,599,84,128
Frames/RainyDay2/00105.jpg,2,865,593,92,116
Frames/RainyDay2/00106.jpg,2,853,592,94,126
Frames/RainyDay2/00107.jpg,2,841,593,121,136
Frames/RainyDay2/00108.jpg,2,836,589,124,132
Frames/RainyDay2/00109.jpg,2,820,593,135,145
Frames/RainyDay2/00110.jpg,2,811,584,147,149
Frames/RainyDay2/00111.jpg,2,807,588,165,171
Frames/RainyDay2/00111.jpg,1,1141,613,55,36
Frames/RainyDay2/00112.jpg,1,1179,614,62,43
Frames/RainyDay2/00112.jpg,2,788,572,194,168
Frames/RainyDay2/00113.jpg,2,776,570,213,203
Frames/RainyDay2/00113.jpg,1,1233,612,72,51
Frames/RainyDay2/00114.jpg,1,1316,605,104,58
Frames/RainyDay2/00114.jpg,1,1122,606,56,42
Frames/RainyDay2/00114.jpg,2,759,568,213,217
Frames/RainyDay2/00115.jpg,1,1442,608,150,86
Frames/RainyDay2/00115.jpg,1,1165,604,68,60
Frames/RainyDay2/00115.jpg,2,744,577,247,246
Frames/RainyDay2/00116.jpg,1,1683,620,248,134
Frames/RainyDay2/00116.jpg,1,1212,611,79,62
Frames/RainyDay2/00116.jpg,2,712,569,273,247
Frames/RainyDay2/00117.jpg,1,1286,613,103,79
Frames/RainyDay2/00117.jpg,2,683,557,316,305
Frames/RainyDay2/00118.jpg,2,649,548,369,303
Frames/RainyDay2/00118.jpg,1,1401,604,149,109
Frames/RainyDay2/00119.jpg,1,1594,608,215,136
Frames/RainyDay2/00119.jpg,2,607,557,416,380
Frames/RainyDay2/00120.jpg,2,554,546,510,448
Frames/RainyDay2/00121.jpg,1,779,523,0,0
Frames/RainyDay2/00121.jpg,2,479,510,597,508
Frames/RainyDay2/00122.jpg,2,404,482,744,636
Frames/RainyDay2/00123.jpg,2,348,438,809,804
Frames/RainyDay2/00124.jpg,2,359,452,719,905
Frames/RainyDay2/00125.jpg,2,312,460,637,902
Frames/RainyDay2/00125.jpg,0,1161,618,57,51
Frames/RainyDay2/00126.jpg,0,1238,626,91,45
Frames/RainyDay2/00126.jpg,2,281,444,581,877
Frames/RainyDay2/00127.jpg,0,1377,623,138,56
Frames/RainyDay2/00127.jpg,0,223,448,454,884
Frames/RainyDay2/00128.jpg,0,1418,620,130,81
Frames/RainyDay2/00128.jpg,0,1695,648,280,103
Frames/RainyDay2/00129.jpg,0,1634,626,222,109
Frames/RainyDay2/00151.jpg,0,1140,612,36,34
Frames/RainyDay2/00152.jpg,0,1173,609,47,32
Frames/RainyDay2/00153.jpg,0,1206,618,45,25
Frames/RainyDay2/00154.jpg,0,1254,624,64,28
Frames/RainyDay2/00155.jpg,0,1310,621,64,30
Frames/RainyDay2/00156.jpg,0,1396,614,92,43
Frames/RainyDay2/00157.jpg,0,1526,620,126,43
Frames/RainyDay2/00158.jpg,0,1743,619,162,64
Frames/RainyDay2/00176.jpg,0,1384,604,89,38
Frames/RainyDay2/00177.jpg,0,1520,605,134,51
Frames/RainyDay2/00178.jpg,0,1244,605,60,32
Frames/RainyDay2/00179.jpg,0,1324,609,96,32
Frames/RainyDay2/00180.jpg,0,1458,607,138,40
Frames/RainyDay2/00181.jpg,1,1352,601,77,43
Frames/RainyDay2/00181.jpg,0,1768,607,239,84
Frames/RainyDay2/00182.jpg,1,1467,598,115,62
Frames/RainyDay2/00183.jpg,1,1660,599,181,77
Frames/RainyDay2/00197.jpg,0,1409,615,88,24
Frames/RainyDay2/00198.jpg,0,1561,620,123,32
Frames/RainyDay2/00207.jpg,0,1400,613,75,32
Frames/RainyDay2/00208.jpg,0,1540,617,102,45
Frames/RainyDay2/00209.jpg,0,1802,610,167,47
Frames/RainyDay2/00222.jpg,1,1337,601,81,32
Frames/RainyDay2/00223.jpg,1,1425,601,106,43
Frames/RainyDay2/00224.jpg,1,1551,601,140,59
Frames/RainyDay2/00225.jpg,1,1780,592,198,78
Frames/RainyDay2/00246.jpg,2,1376,598,116,57
Frames/RainyDay2/00247.jpg,2,1494,596,160,58
Frames/RainyDay2/00248.jpg,2,1693,593,243,90
Frames/RainyDay2/00332.jpg,1,1270,611,49,28
Frames/RainyDay2/00333.jpg,1,1326,615,62,32
Frames/RainyDay2/00334.jpg,1,1405,609,77,28
Frames/RainyDay2/00335.jpg,1,1523,606,107,38
Frames/RainyDay2/00439.jpg,1,1332,604,100,34
Frames/RainyDay2/00440.jpg,3,981,599,47,73
Frames/RainyDay2/00440.jpg,1,1464,608,135,60
Frames/RainyDay2/00441.jpg,3,982,602,53,83
Frames/RainyDay2/00442.jpg,1,1244,613,60,23
Frames/RainyDay2/00442.jpg,3,981,605,47,96
Frames/RainyDay2/00443.jpg,3,977,596,52,87
Frames/RainyDay2/00443.jpg,1,1291,613,60,32
Frames/RainyDay2/00444.jpg,1,1357,610,83,38
Frames/RainyDay2/00444.jpg,3,981,598,47,79
Frames/RainyDay2/00445.jpg,3,978,603,54,107
Frames/RainyDay2/00445.jpg,2,1455,607,98,44
Frames/RainyDay2/00446.jpg,1,1607,612,151,68
Frames/RainyDay2/00446.jpg,3,975,600,52,87
Frames/RainyDay2/00447.jpg,1,1831,601,181,89
Frames/RainyDay2/00447.jpg,3,973,604,49,102
Frames/RainyDay2/00448.jpg,3,969,594,49,104
Frames/RainyDay2/00450.jpg,3,963,598,53,96
Frames/RainyDay2/00451.jpg,3,957,595,58,107
Frames/RainyDay2/00452.jpg,2,951,589,55,98
Frames/RainyDay2/00453.jpg,2,948,590,58,104
Frames/RainyDay2/00454.jpg,2,940,598,51,109
Frames/RainyDay2/00455.jpg,2,934,596,55,105
Frames/RainyDay2/00455.jpg,0,1234,620,58,28
Frames/RainyDay2/00456.jpg,2,926,601,64,111
Frames/RainyDay2/00456.jpg,0,1290,621,77,26
Frames/RainyDay2/00457.jpg,0,1369,623,89,38
Frames/RainyDay2/00458.jpg,0,1491,628,124,49
Frames/RainyDay2/00458.jpg,2,915,603,60,119
Frames/RainyDay2/00459.jpg,0,1706,627,200,72
Frames/RainyDay2/00459.jpg,2,907,600,68,135
Frames/RainyDay2/00460.jpg,2,900,599,73,145
Frames/RainyDay2/00461.jpg,2,896,591,72,150
Frames/RainyDay2/00462.jpg,2,888,589,71,132
Frames/RainyDay2/00463.jpg,2,884,592,75,152
Frames/RainyDay2/00464.jpg,2,881,589,86,154
Frames/RainyDay2/00465.jpg,2,1146,601,64,56
Frames/RainyDay2/00465.jpg,2,871,587,96,143
Frames/RainyDay2/00466.jpg,2,869,575,105,137
Frames/RainyDay2/00466.jpg,2,1170,594,88,74
Frames/RainyDay2/00467.jpg,2,1212,594,113,83
Frames/RainyDay2/00467.jpg,2,860,578,109,150
Frames/RainyDay2/00468.jpg,2,854,582,126,162
Frames/RainyDay2/00468.jpg,2,1274,590,135,94
Frames/RainyDay2/00469.jpg,2,1360,578,182,120
Frames/RainyDay2/00469.jpg,2,852,565,122,137
Frames/RainyDay2/00470.jpg,2,841,574,124,153
Frames/RainyDay2/00470.jpg,2,1519,568,265,181
Frames/RainyDay2/00471.jpg,2,842,576,126,167
Frames/RainyDay2/00471.jpg,2,1743,551,350,252
Frames/RainyDay2/00472.jpg,2,838,579,141,177
Frames/RainyDay2/00473.jpg,2,841,584,147,197
Frames/RainyDay2/00474.jpg,2,837,579,164,190
Frames/RainyDay2/00475.jpg,2,825,570,171,192
Frames/RainyDay2/00476.jpg,2,827,565,171,209
Frames/RainyDay2/00477.jpg,2,817,564,184,220
Frames/RainyDay2/00478.jpg,2,805,552,199,204
Frames/RainyDay2/00479.jpg,2,793,556,220,251
Frames/RainyDay2/00480.jpg,0,790,556,224,267
Frames/RainyDay2/00481.jpg,2,777,547,263,271
Frames/RainyDay2/00482.jpg,0,759,544,285,290
Frames/RainyDay2/00483.jpg,2,752,537,306,337
Frames/RainyDay2/00484.jpg,2,728,525,337,358
Frames/RainyDay2/00485.jpg,2,713,519,377,407
Frames/RainyDay2/00486.jpg,2,674,496,440,452
Frames/RainyDay2/00487.jpg,2,628,488,501,502
Frames/RainyDay2/00488.jpg,2,594,462,586,570
Frames/RainyDay2/00489.jpg,2,529,448,678,678
Frames/RainyDay2/00490.jpg,2,448,404,824,781
Frames/RainyDay2/00490.jpg,0,1181,616,49,39
Frames/RainyDay2/00491.jpg,2,423,406,855,804
Frames/RainyDay2/00491.jpg,0,1230,621,58,42
Frames/RainyDay2/00492.jpg,2,402,440,890,881
Frames/RainyDay2/00492.jpg,0,1302,619,83,53
Frames/RainyDay2/00493.jpg,0,1406,628,120,66
Frames/RainyDay2/00493.jpg,2,407,428,823,849
Frames/RainyDay2/00494.jpg,2,372,450,851,896
Frames/RainyDay2/00494.jpg,0,1604,642,175,90
Frames/RainyDay2/00495.jpg,2,386,434,845,864
Frames/RainyDay2/00496.jpg,0,1143,611,43,28
Frames/RainyDay2/00496.jpg,2,360,420,797,832
Frames/RainyDay2/00497.jpg,2,366,439,751,871
Frames/RainyDay2/00497.jpg,0,1172,612,49,47
Frames/RainyDay2/00498.jpg,2,334,444,766,885
Frames/RainyDay2/00498.jpg,0,1217,613,66,49
Frames/RainyDay2/00499.jpg,0,1270,610,75,56
Frames/RainyDay2/00499.jpg,2,334,432,638,853
Frames/RainyDay2/00500.jpg,0,1370,622,113,71
Frames/RainyDay2/00500.jpg,2,286,447,586,890
Frames/RainyDay2/00501.jpg,2,224,473,466,935
Frames/RainyDay2/00501.jpg,0,1529,636,164,109
Frames/RainyDay2/00502.jpg,0,1836,630,224,151
Frames/RainyDay2/00508.jpg,0,1168,602,50,34
Frames/RainyDay2/00510.jpg,0,1263,611,86,49
Frames/RainyDay2/00511.jpg,0,1343,610,100,56
Frames/RainyDay2/00512.jpg,0,1483,608,147,86
Frames/RainyDay2/00513.jpg,0,1741,613,256,126
Frames/RainyDay2/00541.jpg,0,1240,607,49,28
Frames/RainyDay2/00542.jpg,0,1306,606,71,38
Frames/RainyDay2/00543.jpg,0,1375,612,96,43
Frames/RainyDay2/00544.jpg,0,1506,602,115,57
Frames/RainyDay2/00545.jpg,0,1746,600,168,71
Frames/RainyDay2/00576.jpg,0,1435,615,115,45
Frames/RainyDay2/00577.jpg,0,1691,600,194,67
Frames/RainyDay2/00578.jpg,0,1569,610,130,56
Frames/RainyDay2/00579.jpg,0,1803,612,162,64
Frames/RainyDay2/00588.jpg,2,1526,576,267,116
Frames/RainyDay2/00589.jpg,2,1759,562,352,147
Frames/RainyDay2/00682.jpg,2,1186,595,68,43
Frames/RainyDay2/00683.jpg,2,1208,588,87,51
Frames/RainyDay2/00684.jpg,2,1240,584,91,55
Frames/RainyDay2/00685.jpg,2,1277,580,111,68
Frames/RainyDay2/00686.jpg,2,1333,579,132,96
Frames/RainyDay2/00687.jpg,2,1417,573,199,104
Frames/RainyDay2/00688.jpg,2,1538,560,273,142
Frames/RainyDay2/00689.jpg,2,1728,560,392,190
Frames/RainyDay2/00690.jpg,2,1861,520,233,221
Frames/RainyDay2/00708.jpg,0,1249,604,74,34
Frames/RainyDay2/00708.jpg,1,1202,585,66,45
Frames/RainyDay2/00709.jpg,0,1334,600,91,41
Frames/RainyDay2/00709.jpg,1,1247,583,84,49
Frames/RainyDay2/00710.jpg,1,1311,586,104,66
Frames/RainyDay2/00710.jpg,0,1475,606,147,64
Frames/RainyDay2/00711.jpg,0,1756,600,237,86
Frames/RainyDay2/00711.jpg,1,1397,581,128,86
Frames/RainyDay2/00712.jpg,1,1531,568,171,109
Frames/RainyDay2/00713.jpg,1,1747,554,256,139
Frames/RainyDay2/00713.jpg,0,1279,605,62,28
Frames/RainyDay2/00714.jpg,0,1356,606,85,42
Frames/RainyDay2/00715.jpg,0,1465,605,96,47
Frames/RainyDay2/00716.jpg,0,1665,597,168,55
Frames/RainyDay2/00746.jpg,0,1368,602,101,45
Frames/RainyDay2/00747.jpg,0,1568,611,192,62
Frames/RainyDay2/00748.jpg,0,1285,607,53,32
Frames/RainyDay2/00748.jpg,1,1183,593,88,42
Frames/RainyDay2/00749.jpg,0,1349,604,75,45
Frames/RainyDay2/00749.jpg,1,1250,592,90,62
Frames/RainyDay2/00750.jpg,0,1464,600,91,49
Frames/RainyDay2/00750.jpg,1,1334,580,135,77
Frames/RainyDay2/00751.jpg,0,1639,597,96,68
Frames/RainyDay2/00751.jpg,1,1487,568,196,105
Frames/RainyDay2/00752.jpg,1,1770,573,288,156
Frames/RainyDay2/00760.jpg,2,1209,579,89,66
Frames/RainyDay2/00761.jpg,2,1252,582,107,77
Frames/RainyDay2/00762.jpg,2,1306,575,139,92
Frames/RainyDay2/00763.jpg,2,1382,574,175,113
Frames/RainyDay2/00764.jpg,2,1492,565,211,141
Frames/RainyDay2/00765.jpg,2,1658,543,327,168
Frames/RainyDay2/00766.jpg,0,1807,502,248,216
Frames/RainyDay2/00781.jpg,0,1312,610,82,51
Frames/RainyDay2/00782.jpg,0,1394,603,88,47
Frames/RainyDay2/00783.jpg,0,1529,610,137,81
Frames/RainyDay2/00784.jpg,0,1749,609,196,84
Frames/RainyDay2/00795.jpg,2,1321,596,128,70
Frames/RainyDay2/00796.jpg,2,1415,603,181,85
Frames/RainyDay2/00797.jpg,2,1562,604,226,102
Frames/RainyDay2/00798.jpg,0,1381,612,113,64
Frames/RainyDay2/00799.jpg,0,1523,614,175,77
Frames/RainyDay2/00800.jpg,0,1770,621,247,109
Frames/RainyDay2/00811.jpg,1,1246,612,86,51
Frames/RainyDay2/00812.jpg,1,1295,612,102,55
Frames/RainyDay2/00813.jpg,1,1363,601,124,59
Frames/RainyDay2/00814.jpg,1,1470,602,177,87
Frames/RainyDay2/00815.jpg,1,1638,596,235,122
Frames/RainyDay2/00978.jpg,0,1254,634,85,30
Frames/RainyDay2/00979.jpg,0,1283,627,79,26
Frames/RainyDay2/00980.jpg,0,1301,629,68,34
Frames/RainyDay2/00981.jpg,0,1321,627,75,30
Frames/RainyDay2/00982.jpg,0,1332,625,58,34
Frames/RainyDay2/01039.jpg,1,1176,620,71,36
Frames/RainyDay2/01040.jpg,1,1208,610,71,47
Frames/RainyDay2/01041.jpg,1,1238,608,87,60
Frames/RainyDay2/01042.jpg,1,1286,606,111,72
Frames/RainyDay2/01043.jpg,1,1372,592,166,96
Frames/RainyDay2/01044.jpg,1,1530,600,263,151
Frames/RainyDay2/01045.jpg,1,1779,564,320,211
Frames/RainyDay2/01047.jpg,2,1227,584,68,69
Frames/RainyDay2/01048.jpg,0,1250,582,86,73
Frames/RainyDay2/01049.jpg,2,1277,587,111,87
Frames/RainyDay2/01050.jpg,2,1314,575,145,104
Frames/RainyDay2/01051.jpg,2,1372,567,192,128
Frames/RainyDay2/01052.jpg,2,1462,566,263,155
Frames/RainyDay2/01053.jpg,2,1618,548,359,194
Frames/RainyDay2/01054.jpg,2,1747,502,328,284
Frames/RainyDay2/01085.jpg,0,1259,610,64,38
Frames/RainyDay2/01086.jpg,0,1315,608,88,42
Frames/RainyDay2/01087.jpg,0,1398,604,109,60
Frames/RainyDay2/01088.jpg,0,1570,603,166,81
Frames/RainyDay2/01103.jpg,0,1221,603,62,36
Frames/RainyDay2/01104.jpg,0,1280,602,82,53
Frames/RainyDay2/01105.jpg,0,1418,600,164,71
Frames/RainyDay2/01106.jpg,0,1754,577,309,118
Frames/RainyDay2/01138.jpg,0,1195,608,45,34
Frames/RainyDay2/01139.jpg,0,1224,613,47,36
Frames/RainyDay2/01140.jpg,0,1271,609,72,32
Frames/RainyDay2/01141.jpg,0,1342,603,98,55
Frames/RainyDay2/01142.jpg,0,1465,605,137,81
Frames/RainyDay2/01143.jpg,0,1717,599,260,111
Frames/RainyDay2/01153.jpg,1,892,626,64,62
Frames/RainyDay2/01154.jpg,1,892,626,68,70
Frames/RainyDay2/01155.jpg,1,888,627,79,81
Frames/RainyDay2/01156.jpg,1,883,629,85,85
Frames/RainyDay2/01157.jpg,1,878,623,92,90
Frames/RainyDay2/01158.jpg,1,867,629,83,81
Frames/RainyDay2/01159.jpg,1,860,631,94,89
Frames/RainyDay2/01160.jpg,1,849,639,98,104
Frames/RainyDay2/01161.jpg,1,837,625,92,81
Frames/RainyDay2/01162.jpg,1,829,630,115,105
Frames/RainyDay2/01163.jpg,1,816,629,122,119
Frames/RainyDay2/01164.jpg,1,803,633,126,111
Frames/RainyDay2/01165.jpg,1,780,629,141,124
Frames/RainyDay2/01166.jpg,1,762,632,173,125
Frames/RainyDay2/01167.jpg,1,733,642,167,137
Frames/RainyDay2/01168.jpg,1,714,654,194,181
Frames/RainyDay2/01169.jpg,1,683,660,226,190
Frames/RainyDay2/01170.jpg,1,642,657,286,204
Frames/RainyDay2/01170.jpg,2,1130,605,73,47
Frames/RainyDay2/01171.jpg,1,590,659,318,226
Frames/RainyDay2/01171.jpg,2,1154,600,71,45
Frames/RainyDay2/01172.jpg,1,519,662,365,241
Frames/RainyDay2/01172.jpg,2,1179,609,81,66
Frames/RainyDay2/01173.jpg,1,425,694,456,350
Frames/RainyDay2/01173.jpg,2,1218,610,102,68
Frames/RainyDay2/01174.jpg,1,297,701,546,409
Frames/RainyDay2/01174.jpg,2,1263,609,149,98
Frames/RainyDay2/01175.jpg,1,221,698,472,471
Frames/RainyDay2/01175.jpg,2,1362,600,185,113
Frames/RainyDay2/01176.jpg,1,1512,601,299,179
Frames/RainyDay2/01177.jpg,2,1756,571,388,243
Frames/RainyDay2/01186.jpg,0,1184,615,72,32
Frames/RainyDay2/01187.jpg,0,1265,624,106,54
Frames/RainyDay2/01188.jpg,0,1454,618,216,107
Frames/RainyDay2/01196.jpg,0,1495,626,133,62
Frames/RainyDay2/01197.jpg,0,1769,636,237,109
Frames/RainyDay2/01205.jpg,0,1556,629,194,81
Frames/RainyDay2/01210.jpg,0,1313,616,62,39
Frames/RainyDay2/01211.jpg,0,1390,615,88,32
Frames/RainyDay2/01212.jpg,0,1505,617,122,37
Frames/RainyDay2/01213.jpg,0,1712,630,164,62
Frames/RainyDay2/01240.jpg,0,1383,613,91,45
Frames/RainyDay2/01241.jpg,0,1496,619,122,56
Frames/RainyDay2/01242.jpg,0,1688,611,169,70
Frames/RainyDay2/01272.jpg,0,1549,617,109,45
Frames/RainyDay2/01283.jpg,0,1343,606,74,30
Frames/RainyDay2/01284.jpg,0,1442,603,92,35
Frames/RainyDay2/01309.jpg,0,1378,603,77,32
Frames/RainyDay2/01311.jpg,0,1688,592,155,54
Frames/RainyDay2/01362.jpg,0,1371,613,70,45
Frames/RainyDay2/01364.jpg,0,1615,600,124,53
Frames/RainyDay2/01365.jpg,0,1838,588,186,70
Frames/RainyDay2/01377.jpg,0,1356,602,77,41
Frames/RainyDay2/01378.jpg,0,1440,596,98,45
Frames/RainyDay2/01380.jpg,0,1794,578,230,81
Frames/RainyDay2/01391.jpg,0,1312,605,68,36
Frames/RainyDay2/01392.jpg,0,1372,603,83,36
Frames/RainyDay2/01393.jpg,0,1471,597,108,47
Frames/RainyDay2/01394.jpg,0,1614,592,164,54
Frames/RainyDay2/01395.jpg,0,1832,578,171,81
Frames/RainyDay2/01429.jpg,0,1317,608,79,42
Frames/RainyDay2/01430.jpg,0,1406,605,102,36
Frames/RainyDay2/01431.jpg,0,1541,603,126,47
Frames/RainyDay2/01432.jpg,0,1748,599,207,77
Frames/RainyDay2/01454.jpg,2,1176,591,79,52
Frames/RainyDay2/01455.jpg,2,1208,593,91,72
Frames/RainyDay2/01456.jpg,2,1250,586,106,66
Frames/RainyDay2/01457.jpg,2,1307,589,130,102
Frames/RainyDay2/01458.jpg,2,1378,577,158,100
Frames/RainyDay2/01459.jpg,2,1480,575,221,134
Frames/RainyDay2/01460.jpg,2,1660,556,339,175
Frames/RainyDay2/01474.jpg,1,789,625,107,106
Frames/RainyDay2/01475.jpg,1,783,636,132,139
Frames/RainyDay2/01476.jpg,1,770,636,132,139
Frames/RainyDay2/01477.jpg,1,756,636,164,166
Frames/RainyDay2/01478.jpg,1,734,638,154,162
Frames/RainyDay2/01479.jpg,1,726,641,173,160
Frames/RainyDay2/01480.jpg,1,716,634,194,181
Frames/RainyDay2/01481.jpg,1,694,651,211,196
Frames/RainyDay2/01482.jpg,1,668,653,241,222
Frames/RainyDay2/01483.jpg,1,631,661,251,235
Frames/RainyDay2/01484.jpg,1,600,651,297,237
Frames/RainyDay2/01485.jpg,1,557,677,358,313
Frames/RainyDay2/01486.jpg,1,504,660,395,301
Frames/RainyDay2/01487.jpg,1,413,679,446,377
Frames/RainyDay2/01488.jpg,1,322,662,554,433
Frames/RainyDay2/01489.jpg,1,237,640,557,430
Frames/RainyDay2/01490.jpg,1,211,656,410,462
Frames/RainyDay2/01491.jpg,1,155,650,318,487
Frames/RainyDay2/01501.jpg,2,1395,589,175,128
Frames/RainyDay2/01502.jpg,2,1544,584,250,160
Frames/RainyDay2/01507.jpg,0,951,619,89,49
Frames/RainyDay2/01507.jpg,0,1197,619,60,34
Frames/RainyDay2/01508.jpg,0,1238,612,57,38
Frames/RainyDay2/01508.jpg,0,946,618,70,43
Frames/RainyDay2/01509.jpg,0,1297,629,81,43
Frames/RainyDay2/01509.jpg,0,936,619,69,49
Frames/RainyDay2/01510.jpg,0,1377,639,122,54
Frames/RainyDay2/01510.jpg,0,944,627,62,43
Frames/RainyDay2/01511.jpg,0,932,620,68,43
Frames/RainyDay2/01511.jpg,0,1547,636,177,75
Frames/RainyDay2/01512.jpg,0,935,620,67,47
Frames/RainyDay2/01513.jpg,0,929,623,58,38
Frames/RainyDay2/01514.jpg,0,925,628,88,36
Frames/RainyDay2/01515.jpg,0,917,634,85,53
Frames/RainyDay2/01516.jpg,0,914,622,83,47
Frames/RainyDay2/01517.jpg,0,902,628,107,53
Frames/RainyDay2/01518.jpg,0,899,629,92,55
Frames/RainyDay2/01519.jpg,0,887,630,111,62
Frames/RainyDay2/01520.jpg,0,876,637,111,70
Frames/RainyDay2/01521.jpg,0,878,630,111,66
Frames/RainyDay2/01522.jpg,0,866,643,94,64
Frames/RainyDay2/01523.jpg,0,859,630,96,71
Frames/RainyDay2/01524.jpg,0,850,641,113,66
Frames/RainyDay2/01525.jpg,0,836,629,128,68
Frames/RainyDay2/01526.jpg,0,827,631,130,73
Frames/RainyDay2/01527.jpg,0,809,635,135,77
Frames/RainyDay2/01527.jpg,1,1230,603,62,55
Frames/RainyDay2/01527.jpg,0,1182,622,72,47
Frames/RainyDay2/01528.jpg,0,1272,623,109,42
Frames/RainyDay2/01528.jpg,0,792,637,154,92
Frames/RainyDay2/01529.jpg,0,780,643,160,100
Frames/RainyDay2/01529.jpg,0,1493,625,231,90
Frames/RainyDay2/01530.jpg,1,1669,598,279,143
Frames/RainyDay2/01530.jpg,0,756,643,169,113
Frames/RainyDay2/01530.jpg,0,1182,614,64,43
Frames/RainyDay2/01531.jpg,0,734,653,192,120
Frames/RainyDay2/01531.jpg,0,1262,630,100,49
Frames/RainyDay2/01532.jpg,0,1465,625,197,81
Frames/RainyDay2/01532.jpg,0,715,654,217,138
Frames/RainyDay2/01533.jpg,0,681,668,241,147
Frames/RainyDay2/01533.jpg,0,1193,613,57,41
Frames/RainyDay2/01534.jpg,0,641,682,266,171
Frames/RainyDay2/01534.jpg,0,1248,614,76,43
Frames/RainyDay2/01535.jpg,0,593,694,316,203
Frames/RainyDay2/01535.jpg,1,1327,616,106,59
Frames/RainyDay2/01536.jpg,1,1476,623,158,94
Frames/RainyDay2/01536.jpg,0,532,709,342,234
Frames/RainyDay2/01537.jpg,0,464,708,409,222
Frames/RainyDay2/01537.jpg,1,1790,631,297,152
Frames/RainyDay2/01538.jpg,0,377,750,499,314
Frames/RainyDay2/01539.jpg,0,270,726,582,297
Frames/RainyDay2/01540.jpg,0,234,732,465,339
Frames/RainyDay2/01544.jpg,0,1261,619,113,49
Frames/RainyDay2/01545.jpg,0,1428,629,194,68
Frames/RainyDay2/01546.jpg,0,1389,629,137,62
Frames/RainyDay2/01547.jpg,0,1593,634,171,64
Frames/RainyDay2/01615.jpg,1,1149,607,58,54
Frames/RainyDay2/01616.jpg,1,1185,602,79,57
Frames/RainyDay2/01617.jpg,1,1246,603,113,92
Frames/RainyDay2/01618.jpg,1,1381,593,194,120
Frames/RainyDay2/01619.jpg,1,1694,582,406,213
Frames/RainyDay2/01620.jpg,0,894,593,56,34
Frames/RainyDay2/01621.jpg,0,892,595,60,43
Frames/RainyDay2/01622.jpg,0,887,595,55,34
Frames/RainyDay2/01623.jpg,0,880,600,54,37
Frames/RainyDay2/01624.jpg,0,869,597,53,39
Frames/RainyDay2/01625.jpg,0,864,585,60,41
Frames/RainyDay2/01626.jpg,0,851,595,77,47
Frames/RainyDay2/01627.jpg,0,837,590,83,40
Frames/RainyDay2/01628.jpg,0,820,596,87,53
Frames/RainyDay2/01629.jpg,0,802,595,106,72
Frames/RainyDay2/01630.jpg,0,789,584,103,77
Frames/RainyDay2/01631.jpg,0,760,593,121,90
Frames/RainyDay2/01631.jpg,2,772,619,183,139
Frames/RainyDay2/01632.jpg,0,731,590,141,111
Frames/RainyDay2/01632.jpg,2,744,623,221,166
Frames/RainyDay2/01633.jpg,0,691,593,184,140
Frames/RainyDay2/01633.jpg,2,698,642,275,188
Frames/RainyDay2/01634.jpg,0,638,602,222,177
Frames/RainyDay2/01634.jpg,2,661,659,341,218
Frames/RainyDay2/01635.jpg,0,561,589,290,196
Frames/RainyDay2/01635.jpg,2,598,635,386,205
Frames/RainyDay2/01636.jpg,0,457,581,373,237
Frames/RainyDay2/01636.jpg,2,534,683,463,361
Frames/RainyDay2/01637.jpg,0,281,571,491,322
Frames/RainyDay2/01637.jpg,2,606,671,200,386
Frames/RainyDay2/01638.jpg,2,487,650,241,371
Frames/RainyDay2/01639.jpg,2,258,671,392,544
Frames/RainyDay2/01648.jpg,1,1157,608,53,52
Frames/RainyDay2/01649.jpg,1,1173,607,51,44
Frames/RainyDay2/01650.jpg,1,1182,601,64,51
Frames/RainyDay2/01651.jpg,1,1215,598,96,53
Frames/RainyDay2/01652.jpg,1,1250,590,102,62
Frames/RainyDay2/01653.jpg,1,1303,581,141,75
Frames/RainyDay2/01654.jpg,1,1397,587,192,98
Frames/RainyDay2/01655.jpg,2,1545,567,279,153
Frames/RainyDay2/01656.jpg,0,1315,605,83,47
Frames/RainyDay2/01657.jpg,0,1462,608,154,83
Frames/RainyDay2/01658.jpg,1,1792,587,234,124
Frames/RainyDay2/01695.jpg,2,1149,594,40,49
Frames/RainyDay2/01696.jpg,2,1167,589,42,56
Frames/RainyDay2/01696.jpg,0,1242,603,41,28
Frames/RainyDay2/01697.jpg,0,1277,611,58,36
Frames/RainyDay2/01697.jpg,2,1189,591,62,68
Frames/RainyDay2/01698.jpg,2,1223,576,75,82
Frames/RainyDay2/01698.jpg,0,1327,604,72,38
Frames/RainyDay2/01699.jpg,0,1413,598,96,57
Frames/RainyDay2/01699.jpg,2,1280,566,113,96
Frames/RainyDay2/01700.jpg,2,1408,543,210,168
Frames/RainyDay2/01701.jpg,2,1738,489,439,279
Frames/RainyDay2/01754.jpg,2,903,589,67,94
Frames/RainyDay2/01755.jpg,2,908,586,81,107
Frames/RainyDay2/01756.jpg,2,902,585,81,109
Frames/RainyDay2/01757.jpg,2,903,583,83,105
Frames/RainyDay2/01758.jpg,2,897,585,84,101
Frames/RainyDay2/01759.jpg,2,889,583,85,109
Frames/RainyDay2/01760.jpg,2,886,581,87,121
Frames/RainyDay2/01761.jpg,2,886,585,96,135
Frames/RainyDay2/01762.jpg,2,881,583,102,139
Frames/RainyDay2/01763.jpg,2,880,582,104,145
Frames/RainyDay2/01764.jpg,2,863,584,96,134
Frames/RainyDay2/01764.jpg,0,1141,609,43,28
Frames/RainyDay2/01765.jpg,2,856,585,117,177
Frames/RainyDay2/01765.jpg,0,1175,606,43,30
Frames/RainyDay2/01766.jpg,2,857,587,115,173
Frames/RainyDay2/01766.jpg,0,1215,609,58,36
Frames/RainyDay2/01767.jpg,2,846,578,138,162
Frames/RainyDay2/01767.jpg,0,1277,610,70,47
Frames/RainyDay2/01768.jpg,2,834,588,154,194
Frames/RainyDay2/01768.jpg,0,1355,616,98,55
Frames/RainyDay2/01769.jpg,2,818,578,152,222
Frames/RainyDay2/01769.jpg,0,1493,619,141,87
Frames/RainyDay2/01770.jpg,2,808,589,171,241
Frames/RainyDay2/01771.jpg,2,792,579,185,232
Frames/RainyDay2/01772.jpg,2,785,584,222,273
Frames/RainyDay2/01773.jpg,2,753,585,241,301
Frames/RainyDay2/01774.jpg,2,749,576,252,328
Frames/RainyDay2/01775.jpg,2,732,580,294,367
Frames/RainyDay2/01776.jpg,2,722,580,305,363
Frames/RainyDay2/01777.jpg,2,682,562,325,382
Frames/RainyDay1/00069.jpg,0,1436,585,53,23
Frames/RainyDay1/00070.jpg,0,1484,579,58,28
Frames/RainyDay1/00071.jpg,0,1535,579,74,32
Frames/RainyDay1/00072.jpg,0,1612,572,85,34
Frames/RainyDay1/00073.jpg,0,1710,563,88,34
Frames/RainyDay1/00074.jpg,0,1842,551,104,37
Frames/RainyDay1/00100.jpg,1,1319,593,61,34
Frames/RainyDay1/00101.jpg,1,1365,594,77,45
Frames/RainyDay1/00102.jpg,0,1423,591,90,52
Frames/RainyDay1/00103.jpg,1,1504,584,116,55
Frames/RainyDay1/00104.jpg,1,1617,579,154,70
Frames/RainyDay1/00105.jpg,1,1783,561,192,90
Frames/RainyDay1/00107.jpg,0,1573,597,79,39
Frames/RainyDay1/00108.jpg,0,1669,597,92,43
Frames/RainyDay1/00109.jpg,0,1792,590,110,47
Frames/RainyDay1/00129.jpg,1,1392,612,66,34
Frames/RainyDay1/00130.jpg,1,1440,615,86,32
Frames/RainyDay1/00131.jpg,1,1497,614,85,43
Frames/RainyDay1/00132.jpg,1,1571,610,100,47
Frames/RainyDay1/00133.jpg,1,1668,612,124,51
Frames/RainyDay1/00134.jpg,1,1783,614,145,55
Frames/RainyDay1/00141.jpg,2,1525,597,103,64
Frames/RainyDay1/00142.jpg,2,1598,596,143,66
Frames/RainyDay1/00143.jpg,2,1727,593,156,90
Frames/RainyDay1/00176.jpg,1,1362,615,79,32
Frames/RainyDay1/00177.jpg,1,1412,613,85,36
Frames/RainyDay1/00178.jpg,1,1480,613,103,41
Frames/RainyDay1/00178.jpg,1,1367,613,64,41
Frames/RainyDay1/00179.jpg,1,1569,608,126,56
Frames/RainyDay1/00179.jpg,1,1443,612,83,43
Frames/RainyDay1/00181.jpg,1,1725,609,134,54
Frames/RainyDay1/00181.jpg,1,1837,603,147,73
Frames/RainyDay1/00182.jpg,0,1558,627,105,38
Frames/RainyDay1/00183.jpg,0,1674,616,137,43
Frames/RainyDay1/00191.jpg,1,1339,610,73,38
Frames/RainyDay1/00192.jpg,1,1383,612,87,43
Frames/RainyDay1/00193.jpg,1,1451,608,98,38
Frames/RainyDay1/00194.jpg,1,1536,610,128,51
Frames/RainyDay1/00195.jpg,1,1651,603,158,62
Frames/RainyDay1/00196.jpg,1,1816,603,185,81
Frames/RainyDay1/00199.jpg,1,1330,610,54,30
Frames/RainyDay1/00200.jpg,1,1369,609,77,44
Frames/RainyDay1/00201.jpg,1,1417,605,83,47
Frames/RainyDay1/00202.jpg,1,1483,593,98,42
Frames/RainyDay1/00203.jpg,1,1570,587,115,49
Frames/RainyDay1/00204.jpg,1,1692,579,147,62
Frames/RainyDay1/00261.jpg,1,1266,596,74,41
Frames/RainyDay1/00262.jpg,1,1332,598,96,53
Frames/RainyDay1/00263.jpg,1,1438,597,136,77
Frames/RainyDay1/00264.jpg,1,1638,584,217,107
Frames/RainyDay1/00267.jpg,2,1169,581,60,49
Frames/RainyDay1/00268.jpg,2,1180,580,64,60
Frames/RainyDay1/00269.jpg,0,1608,727,483,265
Frames/RainyDay1/00269.jpg,2,1191,580,71,60
Frames/RainyDay1/00270.jpg,0,1540,701,439,216
Frames/RainyDay1/00271.jpg,0,1477,701,373,194
Frames/RainyDay1/00271.jpg,2,1225,575,91,70
Frames/RainyDay1/00272.jpg,0,1431,698,330,196
Frames/RainyDay1/00272.jpg,2,1248,575,94,84
Frames/RainyDay1/00273.jpg,0,1405,683,254,177
Frames/RainyDay1/00274.jpg,0,1344,697,293,175
Frames/RainyDay1/00274.jpg,2,1327,561,150,94
Frames/RainyDay1/00275.jpg,0,1311,681,250,165
Frames/RainyDay1/00275.jpg,2,1387,563,203,124
Frames/RainyDay1/00276.jpg,0,1290,674,215,141
Frames/RainyDay1/00276.jpg,2,1483,551,271,155
Frames/RainyDay1/00277.jpg,0,1262,665,202,141
Frames/RainyDay1/00277.jpg,2,1615,530,392,202
Frames/RainyDay1/00278.jpg,0,1245,656,198,134
Frames/RainyDay1/00279.jpg,0,1231,658,188,113
Frames/RainyDay1/00280.jpg,0,1219,644,177,111
Frames/RainyDay1/00281.jpg,0,1209,648,177,100
Frames/RainyDay1/00282.jpg,0,1203,652,149,92
Frames/RainyDay1/00283.jpg,0,1187,639,139,92
Frames/RainyDay1/00284.jpg,0,1182,638,136,98
Frames/RainyDay1/00285.jpg,0,1169,639,132,84
Frames/RainyDay1/00286.jpg,0,1165,640,128,82
Frames/RainyDay1/00287.jpg,0,1159,632,131,75
Frames/RainyDay1/00288.jpg,0,1150,636,106,68
Frames/RainyDay1/00289.jpg,0,1156,635,107,73
Frames/RainyDay1/00290.jpg,0,1146,631,105,64
Frames/RainyDay1/00291.jpg,0,1141,631,106,59
Frames/RainyDay1/00292.jpg,0,1136,631,88,59
Frames/RainyDay1/00293.jpg,0,1128,630,85,49
Frames/RainyDay1/00294.jpg,0,1126,632,81,51
Frames/RainyDay1/00295.jpg,0,1123,637,88,58
Frames/RainyDay1/00296.jpg,1,1221,614,49,25
Frames/RainyDay1/00297.jpg,0,1114,629,83,55
Frames/RainyDay1/00297.jpg,1,1253,610,58,34
Frames/RainyDay1/00298.jpg,0,1114,632,75,53
Frames/RainyDay1/00298.jpg,1,1286,619,69,49
Frames/RainyDay1/00299.jpg,0,1113,631,96,55
Frames/RainyDay1/00299.jpg,1,1332,617,75,49
Frames/RainyDay1/00300.jpg,0,1109,628,81,49
Frames/RainyDay1/00300.jpg,1,1401,611,111,58
Frames/RainyDay1/00301.jpg,1,1493,618,146,72
Frames/RainyDay1/00302.jpg,0,1104,623,62,42
Frames/RainyDay1/00302.jpg,1,1650,610,186,81
Frames/RainyDay1/00303.jpg,0,1103,629,64,55
Frames/RainyDay1/00304.jpg,0,1098,631,68,54
Frames/RainyDay1/00307.jpg,0,1093,632,53,37
Frames/RainyDay1/00308.jpg,0,1088,630,60,41
Frames/RainyDay1/00309.jpg,0,1088,632,64,41
Frames/RainyDay1/00313.jpg,1,1293,615,72,41
Frames/RainyDay1/00314.jpg,1,1345,618,79,55
Frames/RainyDay1/00315.jpg,1,1420,618,115,62
Frames/RainyDay1/00317.jpg,1,1691,621,171,90
Frames/RainyDay1/00361.jpg,1,1181,614,47,39
Frames/RainyDay1/00362.jpg,1,1198,611,47,36
Frames/RainyDay1/00363.jpg,1,1223,612,57,38
Frames/RainyDay1/00364.jpg,1,1252,617,64,41
Frames/RainyDay1/00365.jpg,1,1289,617,71,49
Frames/RainyDay1/00365.jpg,1,1213,625,58,47
Frames/RainyDay1/00366.jpg,1,1335,615,93,61
Frames/RainyDay1/00366.jpg,1,1247,620,74,58
Frames/RainyDay1/00367.jpg,1,1402,610,105,72
Frames/RainyDay1/00367.jpg,1,1301,620,89,77
Frames/RainyDay1/00368.jpg,1,1401,621,119,83
Frames/RainyDay1/00368.jpg,1,1503,605,100,100
Frames/RainyDay1/00369.jpg,1,1545,622,192,88
Frames/RainyDay1/00374.jpg,2,1316,611,90,45
Frames/RainyDay1/00375.jpg,2,1377,611,96,45
Frames/RainyDay1/00376.jpg,2,1470,608,128,60
Frames/RainyDay1/00377.jpg,1,1599,608,164,76
Frames/RainyDay1/00378.jpg,2,1804,615,220,101
Frames/RainyDay1/00380.jpg,0,1283,620,58,32
Frames/RainyDay1/00381.jpg,0,1322,622,73,40
Frames/RainyDay1/00382.jpg,0,1383,623,83,38
Frames/RainyDay1/00383.jpg,0,1456,628,96,49
Frames/RainyDay1/00384.jpg,0,1578,626,137,58
Frames/RainyDay1/00385.jpg,0,1749,621,175,68
Frames/RainyDay1/00398.jpg,0,1364,624,75,36
Frames/RainyDay1/00399.jpg,0,1445,621,100,38
Frames/RainyDay1/00400.jpg,0,1568,629,132,47
Frames/RainyDay1/00411.jpg,0,1472,613,76,41
Frames/RainyDay1/00412.jpg,0,1540,615,85,49
Frames/RainyDay1/00413.jpg,0,1627,624,100,50
Frames/RainyDay1/00413.jpg,0,1441,612,74,43
Frames/RainyDay1/00414.jpg,0,1727,629,104,60
Frames/RainyDay1/00414.jpg,0,1503,609,74,49
Frames/RainyDay1/00415.jpg,0,1579,618,105,47
Frames/RainyDay1/00415.jpg,0,1854,640,113,56
Frames/RainyDay1/00416.jpg,0,1675,615,113,49
Frames/RainyDay1/00417.jpg,0,1797,618,135,62
Frames/RainyDay1/00465.jpg,0,1465,623,115,52
Frames/RainyDay1/00466.jpg,0,1604,621,149,56
Frames/RainyDay1/00467.jpg,0,1825,624,177,62
Frames/RainyDay1/00477.jpg,1,1440,613,98,49
Frames/RainyDay1/00477.jpg,1,1267,612,64,34
Frames/RainyDay1/00478.jpg,1,1550,620,126,62
Frames/RainyDay1/00478.jpg,1,1316,614,90,43
Frames/RainyDay1/00480.jpg,1,1518,614,160,64
Frames/RainyDay1/00481.jpg,1,1724,608,241,76
Frames/RainyDay1/00482.jpg,1,1493,612,107,43
Frames/RainyDay1/00483.jpg,1,1633,616,152,51
Frames/RainyDay1/00487.jpg,2,1651,614,200,64
Frames/RainyDay1/00495.jpg,0,1649,627,124,43
Frames/RainyDay1/00505.jpg,0,1352,613,89,28
Frames/RainyDay1/00506.jpg,0,1430,614,117,34
Frames/RainyDay1/00507.jpg,0,1554,620,156,43
Frames/RainyDay1/00508.jpg,0,1722,622,199,58
Frames/RainyDay1/00564.jpg,2,1285,610,49,30
Frames/RainyDay1/00565.jpg,2,1332,612,53,38
Frames/RainyDay1/00566.jpg,2,1376,610,98,47
Frames/RainyDay1/00567.jpg,2,1455,615,124,49
Frames/RainyDay1/00568.jpg,2,1556,606,139,64
Frames/RainyDay1/00569.jpg,2,1688,609,177,79
Frames/RainyDay1/00572.jpg,2,1580,628,85,41
Frames/RainyDay1/00573.jpg,2,1620,627,92,43
Frames/RainyDay1/00573.jpg,1,1281,615,70,32
Frames/RainyDay1/00574.jpg,2,1669,621,92,45
Frames/RainyDay1/00574.jpg,1,1324,615,77,45
Frames/RainyDay1/00575.jpg,2,1719,621,111,60
Frames/RainyDay1/00575.jpg,1,1375,612,92,43
Frames/RainyDay1/00576.jpg,2,1779,622,119,50
Frames/RainyDay1/00576.jpg,1,1446,613,103,49
Frames/RainyDay1/00577.jpg,2,1841,623,124,60
Frames/RainyDay1/00577.jpg,1,1548,612,126,60
Frames/RainyDay1/00578.jpg,1,1676,613,171,71
Frames/RainyDay1/00580.jpg,0,1218,614,56,21
Frames/RainyDay1/00581.jpg,0,1250,616,56,25
Frames/RainyDay1/00582.jpg,0,1283,618,66,21
Frames/RainyDay1/00583.jpg,0,1327,615,76,37
Frames/RainyDay1/00584.jpg,0,1391,619,86,34
Frames/RainyDay1/00585.jpg,0,1465,624,111,40
Frames/RainyDay1/00586.jpg,0,1572,621,119,49
Frames/RainyDay1/00587.jpg,0,1740,623,171,64
Frames/RainyDay1/00616.jpg,1,1296,614,84,39
Frames/RainyDay1/00617.jpg,1,1351,615,101,53
Frames/RainyDay1/00618.jpg,1,1435,614,126,59
Frames/RainyDay1/00619.jpg,1,1559,616,167,89
Frames/RainyDay1/00620.jpg,1,1754,612,222,115
Frames/RainyDay1/00620.jpg,0,1338,618,83,43
Frames/RainyDay1/00621.jpg,1,1418,619,103,49
Frames/RainyDay1/00622.jpg,1,1547,620,139,66
Frames/RainyDay1/00623.jpg,1,1757,619,205,105
Frames/RainyDay1/00623.jpg,0,1584,627,118,60
Frames/RainyDay1/00624.jpg,0,1751,633,133,69
Frames/RainyDay1/00633.jpg,0,1346,624,68,28
Frames/RainyDay1/00634.jpg,0,1408,620,86,28
Frames/RainyDay1/00635.jpg,0,1490,626,109,40
Frames/RainyDay1/00636.jpg,0,1627,630,137,41
Frames/RainyDay1/00641.jpg,0,1310,616,56,25
Frames/RainyDay1/00643.jpg,0,1434,623,79,38
Frames/RainyDay1/00644.jpg,0,1538,620,111,43
Frames/RainyDay1/00645.jpg,0,1679,618,116,51
Frames/RainyDay1/00649.jpg,0,1198,616,40,21
Frames/RainyDay1/00650.jpg,0,1220,616,34,21
Frames/RainyDay1/00651.jpg,0,1245,610,51,30
Frames/RainyDay1/00652.jpg,0,1276,612,45,17
Frames/RainyDay1/00653.jpg,0,1315,613,62,23
Frames/RainyDay1/00654.jpg,0,1370,617,75,37
Frames/RainyDay1/00655.jpg,0,1441,619,84,41
Frames/RainyDay1/00656.jpg,0,1540,618,107,43
Frames/RainyDay1/00657.jpg,0,1687,619,128,49
Frames/RainyDay1/00707.jpg,0,1341,626,66,36
Frames/RainyDay1/00708.jpg,0,1397,626,77,49
Frames/RainyDay1/00709.jpg,0,1466,632,98,57
Frames/RainyDay1/00710.jpg,0,1572,633,124,47
Frames/RainyDay1/00711.jpg,0,1725,626,141,66
Frames/RainyDay1/00712.jpg,1,1321,616,75,55
Frames/RainyDay1/00713.jpg,1,1364,616,83,55
Frames/RainyDay1/00714.jpg,1,1428,619,105,64
Frames/RainyDay1/00715.jpg,1,1515,615,117,79
Frames/RainyDay1/00716.jpg,1,1637,617,143,91
Frames/RainyDay1/00717.jpg,1,1821,611,190,113
Frames/RainyDay1/00781.jpg,0,1334,626,71,40
Frames/RainyDay1/00782.jpg,0,1389,627,72,43
Frames/RainyDay1/00783.jpg,0,1465,630,103,57
Frames/RainyDay1/00784.jpg,0,1572,629,124,60
Frames/RainyDay1/00785.jpg,0,1735,637,151,88
Frames/RainyDay1/00786.jpg,0,1275,614,51,39
Frames/RainyDay1/00787.jpg,0,1308,615,53,37
Frames/RainyDay1/00789.jpg,0,1417,616,83,43
Frames/RainyDay1/00790.jpg,0,1503,621,104,60
Frames/RainyDay1/00791.jpg,0,1620,621,126,64
Frames/RainyDay1/00792.jpg,0,1324,614,51,30
Frames/RainyDay1/00792.jpg,0,1261,616,56,29
Frames/RainyDay1/00792.jpg,0,1792,644,154,98
Frames/RainyDay1/00793.jpg,0,1304,623,71,38
Frames/RainyDay1/00794.jpg,0,1370,622,98,40
Frames/RainyDay1/00795.jpg,0,1464,630,109,53
Frames/RainyDay1/00796.jpg,0,1629,630,179,83
Frames/RainyDay1/00830.jpg,1,1282,608,77,60
Frames/RainyDay1/00831.jpg,1,1321,604,91,75
Frames/RainyDay1/00832.jpg,1,1364,607,92,74
Frames/RainyDay1/00833.jpg,1,1430,598,126,79
Frames/RainyDay1/00834.jpg,1,1516,590,149,88
Frames/RainyDay1/00835.jpg,1,1631,592,194,118
Frames/RainyDay1/00835.jpg,1,993,610,49,34
Frames/RainyDay1/00836.jpg,1,1815,587,227,124
Frames/RainyDay1/00836.jpg,1,990,611,49,40
Frames/RainyDay1/00837.jpg,1,990,615,42,41
Frames/RainyDay1/00838.jpg,1,992,616,46,43
Frames/RainyDay1/00839.jpg,1,990,610,49,42
Frames/RainyDay1/00840.jpg,1,993,612,49,47
Frames/RainyDay1/00841.jpg,1,993,610,49,51
Frames/RainyDay1/00842.jpg,1,995,611,49,49
Frames/RainyDay1/00843.jpg,1,993,611,49,40
Frames/RainyDay1/00844.jpg,1,992,613,52,41
Frames/RainyDay1/00845.jpg,1,992,612,56,38
Frames/RainyDay1/00846.jpg,1,993,613,54,45
Frames/RainyDay1/00847.jpg,1,991,612,58,55
Frames/RainyDay1/00848.jpg,1,990,612,56,43
Frames/RainyDay1/00849.jpg,1,990,614,56,43
Frames/RainyDay1/00850.jpg,1,988,616,53,43
Frames/RainyDay1/00851.jpg,1,986,614,53,47
Frames/RainyDay1/00852.jpg,1,987,614,55,51
Frames/RainyDay1/00853.jpg,1,989,615,62,45
Frames/RainyDay1/00854.jpg,1,987,612,55,43
Frames/RainyDay1/00855.jpg,1,985,613,59,41
Frames/RainyDay1/00856.jpg,0,1319,627,61,43
Frames/RainyDay1/00856.jpg,1,986,617,49,41
Frames/RainyDay1/00857.jpg,0,1372,631,75,47
Frames/RainyDay1/00857.jpg,1,985,612,59,51
Frames/RainyDay1/00858.jpg,0,1445,631,100,59
Frames/RainyDay1/00858.jpg,1,985,613,51,45
Frames/RainyDay1/00859.jpg,0,1545,641,113,79
Frames/RainyDay1/00859.jpg,1,985,620,55,58
Frames/RainyDay1/00860.jpg,0,1685,628,145,70
Frames/RainyDay1/00860.jpg,1,986,613,53,53
Frames/RainyDay1/00861.jpg,1,986,617,57,49
Frames/RainyDay1/00862.jpg,1,987,613,55,45
Frames/RainyDay1/00863.jpg,1,986,605,53,47
Frames/RainyDay1/00864.jpg,1,988,613,60,53
Frames/RainyDay1/00865.jpg,1,983,613,55,49
Frames/RainyDay1/00866.jpg,1,983,612,55,51
Frames/RainyDay1/00867.jpg,1,978,614,54,55
Frames/RainyDay1/00868.jpg,1,980,609,58,44
Frames/RainyDay1/00869.jpg,1,978,608,74,52
Frames/RainyDay1/00870.jpg,1,978,613,62,53
Frames/RainyDay1/00871.jpg,1,975,606,56,56
Frames/RainyDay1/00872.jpg,1,975,613,64,53
Frames/RainyDay1/00873.jpg,2,1202,623,58,56
Frames/RainyDay1/00873.jpg,1,970,623,66,56
Frames/RainyDay1/00874.jpg,1,968,623,59,56
Frames/RainyDay1/00874.jpg,2,1220,620,60,58
Frames/RainyDay1/00875.jpg,2,1245,610,66,64
Frames/RainyDay1/00875.jpg,1,969,615,57,57
Frames/RainyDay1/00876.jpg,1,966,610,64,60
Frames/RainyDay1/00876.jpg,2,1279,603,70,66
Frames/RainyDay1/00877.jpg,2,1320,609,81,74
Frames/RainyDay1/00877.jpg,1,964,615,60,57
Frames/RainyDay1/00878.jpg,2,1383,620,75,111
Frames/RainyDay1/00878.jpg,1,963,612,58,55
Frames/RainyDay1/00879.jpg,2,1441,607,134,108
Frames/RainyDay1/00879.jpg,1,960,614,64,55
Frames/RainyDay1/00880.jpg,2,1553,598,175,139
Frames/RainyDay1/00880.jpg,1,958,618,64,62
Frames/RainyDay1/00881.jpg,2,1714,599,258,149
Frames/RainyDay1/00881.jpg,1,957,614,62,59
Frames/RainyDay1/00882.jpg,1,947,613,68,53
Frames/RainyDay1/00883.jpg,1,950,616,71,59
Frames/RainyDay1/00884.jpg,1,945,617,64,64
Frames/RainyDay1/00885.jpg,1,945,617,64,57
Frames/RainyDay1/00886.jpg,1,940,611,62,62
Frames/RainyDay1/00887.jpg,1,938,617,62,57
Frames/RainyDay1/00888.jpg,1,936,617,77,53
Frames/RainyDay1/00889.jpg,1,929,620,66,66
Frames/RainyDay1/00890.jpg,1,922,619,71,68
Frames/RainyDay1/00891.jpg,1,920,621,71,60
Frames/RainyDay1/00892.jpg,2,1642,394,258,85
Frames/RainyDay1/00892.jpg,1,914,613,70,62
Frames/RainyDay1/00893.jpg,1,913,620,60,66
Frames/RainyDay1/00893.jpg,2,1655,371,273,120
Frames/RainyDay1/00894.jpg,2,1670,342,299,113
Frames/RainyDay1/00895.jpg,1,911,620,72,70
Frames/RainyDay1/00895.jpg,2,1697,316,340,124
Frames/RainyDay1/00896.jpg,0,1706,247,359,137
Frames/RainyDay1/00896.jpg,1,908,621,70,68
Frames/RainyDay1/00897.jpg,1,909,617,72,75
Frames/RainyDay1/00897.jpg,2,1727,181,412,137
Frames/RainyDay1/00898.jpg,1,899,616,66,73
Frames/RainyDay1/00899.jpg,1,899,614,75,64
Frames/RainyDay1/00900.jpg,1,893,619,77,60
Frames/RainyDay1/00901.jpg,1,893,614,77,55
Frames/RainyDay1/00902.jpg,1,893,612,70,64
Frames/RainyDay1/00903.jpg,1,890,620,75,66
Frames/RainyDay1/00904.jpg,1,885,614,73,69
Frames/RainyDay1/00905.jpg,1,881,615,76,61
Frames/RainyDay1/00906.jpg,1,873,614,75,59
Frames/RainyDay1/00907.jpg,1,869,612,75,60
Frames/RainyDay1/00908.jpg,1,865,619,79,64
Frames/RainyDay1/00909.jpg,1,856,609,75,70
Frames/RainyDay1/00910.jpg,1,852,613,83,66
Frames/RainyDay1/00911.jpg,1,847,611,86,62
Frames/RainyDay1/00912.jpg,1,835,616,79,73
Frames/RainyDay1/00913.jpg,1,829,615,77,67
Frames/RainyDay1/00914.jpg,1,817,614,81,64
Frames/RainyDay1/00915.jpg,1,808,621,81,68
Frames/RainyDay1/00916.jpg,1,798,617,90,79
Frames/RainyDay1/00917.jpg,1,781,613,83,71
Frames/RainyDay1/00918.jpg,1,762,615,86,81
Frames/RainyDay1/00919.jpg,1,748,618,92,77
Frames/RainyDay1/00920.jpg,1,729,614,96,77
Frames/RainyDay1/00921.jpg,1,707,617,96,79
Frames/RainyDay1/00922.jpg,1,684,613,96,87
Frames/RainyDay1/00923.jpg,1,656,613,96,87
Frames/RainyDay1/00924.jpg,1,619,610,113,81
Frames/RainyDay1/00925.jpg,1,579,609,104,92
Frames/RainyDay1/00926.jpg,1,531,615,102,91
Frames/RainyDay1/00927.jpg,1,475,606,115,72
Frames/RainyDay1/00928.jpg,1,420,609,128,100
Frames/RainyDay1/00929.jpg,2,394,1571,137,109
Frames/RainyDay1/00929.jpg,1,347,611,126,100
Frames/RainyDay1/00930.jpg,1,268,599,134,119
Frames/RainyDay1/00931.jpg,1,186,599,147,103
Frames/RainyDay1/00932.jpg,1,98,602,154,117
Frames/RainyDay1/00962.jpg,1,1394,620,92,51
Frames/RainyDay1/00963.jpg,1,1440,616,96,62
Frames/RainyDay1/00965.jpg,1,1598,618,128,47
Frames/RainyDay1/00966.jpg,1,1709,613,154,75
Frames/RainyDay1/00967.jpg,1,1838,625,160,81
Frames/RainyDay1/00976.jpg,0,1329,624,60,32
Frames/RainyDay1/00977.jpg,0,1394,623,83,38
Frames/RainyDay1/00978.jpg,0,1488,622,88,40
Frames/RainyDay1/00979.jpg,0,1633,624,130,54
Frames/RainyDay1/00980.jpg,0,1847,629,153,73
Frames/RainyDay1/00993.jpg,0,1363,624,72,32
Frames/RainyDay1/00994.jpg,0,1441,632,88,45
Frames/RainyDay1/00995.jpg,0,1561,629,119,60
Frames/RainyDay1/00996.jpg,0,1744,618,164,66
Frames/RainyDay1/01013.jpg,1,1321,611,79,40
Frames/RainyDay1/01014.jpg,1,1376,612,82,51
Frames/RainyDay1/01015.jpg,1,1446,613,103,62
Frames/RainyDay1/01016.jpg,1,1552,610,138,60
Frames/RainyDay1/01017.jpg,1,1702,608,179,76
Frames/RainyDay1/01036.jpg,1,1263,612,56,47
Frames/RainyDay1/01037.jpg,1,1302,612,71,47
Frames/RainyDay1/01038.jpg,1,1355,614,79,55
Frames/RainyDay1/01039.jpg,1,1432,613,101,66
Frames/RainyDay1/01040.jpg,1,1546,606,145,90
Frames/RainyDay1/01041.jpg,1,1715,610,175,106
Frames/RainyDay1/01064.jpg,1,1300,598,83,53
Frames/RainyDay1/01065.jpg,1,1353,594,101,66
Frames/RainyDay1/01066.jpg,1,1431,590,137,66
Frames/RainyDay1/01067.jpg,1,1547,591,151,98
Frames/RainyDay1/01068.jpg,1,1698,581,230,121
Frames/RainyDay1/01069.jpg,1,1861,585,151,151
Frames/RainyDay1/01069.jpg,1,1283,602,62,49
Frames/RainyDay1/01070.jpg,1,1332,603,75,51
Frames/RainyDay1/01071.jpg,1,1403,598,85,57
Frames/RainyDay1/01072.jpg,1,1498,600,135,75
Frames/RainyDay1/01073.jpg,1,1638,591,175,98
Frames/RainyDay1/01074.jpg,1,1831,594,215,122
Frames/RainyDay1/01083.jpg,0,975,622,42,28
Frames/RainyDay1/01084.jpg,0,972,619,51,23
Frames/RainyDay1/01085.jpg,0,968,624,39,36
Frames/RainyDay1/01086.jpg,0,972,619,43,34
Frames/RainyDay1/01087.jpg,0,972,621,58,34
Frames/RainyDay1/01088.jpg,0,967,629,45,43
Frames/RainyDay1/01089.jpg,0,967,621,45,30
Frames/RainyDay1/01090.jpg,0,963,621,40,30
Frames/RainyDay1/01091.jpg,0,964,620,38,28
Frames/RainyDay1/01092.jpg,0,963,623,36,22
Frames/RainyDay1/01138.jpg,2,1060,592,47,50
Frames/RainyDay1/01139.jpg,2,1078,587,41,41
Frames/RainyDay1/01140.jpg,2,1098,597,55,47
Frames/RainyDay1/01141.jpg,2,1119,592,44,58
Frames/RainyDay1/01142.jpg,2,1128,593,73,47
Frames/RainyDay1/01143.jpg,2,1160,588,69,58
Frames/RainyDay1/01144.jpg,2,1190,584,98,59
Frames/RainyDay1/01145.jpg,2,1226,583,115,61
Frames/RainyDay1/01146.jpg,2,1273,580,119,81
Frames/RainyDay1/01147.jpg,2,1330,575,160,104
Frames/RainyDay1/01148.jpg,2,1404,566,226,126
Frames/RainyDay1/01149.jpg,2,1517,562,294,143
Frames/RainyDay1/01150.jpg,2,1678,531,424,192
Frames/RainyDay1/01151.jpg,2,1153,595,66,47
Frames/RainyDay1/01152.jpg,2,1180,595,83,56
Frames/RainyDay1/01153.jpg,2,1216,593,82,60
Frames/RainyDay1/01154.jpg,2,1256,595,103,68
Frames/RainyDay1/01155.jpg,2,1308,582,128,89
Frames/RainyDay1/01156.jpg,2,1379,588,155,102
Frames/RainyDay1/01157.jpg,2,1488,572,182,124
Frames/RainyDay1/01158.jpg,2,1650,557,271,154
Frames/RainyDay1/01159.jpg,2,1823,541,266,216
Frames/RainyDay1/01164.jpg,0,1268,609,53,36
Frames/RainyDay1/01165.jpg,0,1328,610,66,38
Frames/RainyDay1/01166.jpg,0,1422,610,92,42
Frames/RainyDay1/01167.jpg,0,1554,613,109,53
Frames/RainyDay1/01168.jpg,0,1761,612,164,64
Frames/RainyDay1/01195.jpg,0,1364,610,83,42
Frames/RainyDay1/01197.jpg,0,1658,605,139,58
Frames/RainyDay1/01203.jpg,0,1415,611,91,40
Frames/RainyDay1/01204.jpg,0,1550,609,130,54
Frames/RainyDay1/01205.jpg,0,1759,606,164,64
Frames/RainyDay1/01211.jpg,0,1439,610,108,30
Frames/RainyDay1/01212.jpg,0,1574,612,119,51
Frames/RainyDay1/01213.jpg,0,1807,604,158,68
Frames/RainyDay1/01247.jpg,0,1614,629,160,68
Frames/RainyDay1/01248.jpg,0,1860,628,149,83
Frames/RainyDay1/01289.jpg,0,1326,608,66,30
Frames/RainyDay1/01290.jpg,0,1410,620,86,36
Frames/RainyDay1/01291.jpg,0,1539,618,130,47
Frames/RainyDay1/01292.jpg,0,1773,620,173,58
Frames/RainyDay1/01298.jpg,0,1381,609,96,36
Frames/RainyDay1/01299.jpg,0,1472,604,124,53
Frames/RainyDay1/01300.jpg,0,1620,607,143,62
Frames/RainyDay1/01301.jpg,0,1849,605,179,66
Frames/RainyDay1/01335.jpg,1,1278,615,79,37
Frames/RainyDay1/01336.jpg,1,1365,604,94,38
Frames/RainyDay1/01337.jpg,1,1476,599,107,55
Frames/RainyDay1/01338.jpg,1,1698,600,175,67
Frames/RainyDay1/01379.jpg,0,1304,610,57,26
Frames/RainyDay1/01380.jpg,0,1374,614,68,34
Frames/RainyDay1/01381.jpg,0,1479,618,96,32
Frames/RainyDay1/01382.jpg,0,1656,621,135,49
Frames/RainyDay1/01394.jpg,0,1387,608,83,42
Frames/RainyDay1/01395.jpg,0,1501,609,92,49
Frames/RainyDay1/01396.jpg,0,1687,610,183,64
Frames/RainyDay1/01399.jpg,0,1440,613,90,32
Frames/RainyDay1/01400.jpg,0,1597,617,130,45
Frames/RainyDay1/01400.jpg,1,1274,609,87,44
Frames/RainyDay1/01401.jpg,1,1373,605,126,58
Frames/RainyDay1/01401.jpg,2,1182,594,64,54
Frames/RainyDay1/01402.jpg,1,1552,594,190,83
Frames/RainyDay1/01402.jpg,3,1201,593,68,56
Frames/RainyDay1/01403.jpg,3,1225,595,91,68
Frames/RainyDay1/01404.jpg,3,1256,590,103,88
Frames/RainyDay1/01405.jpg,3,1305,581,133,100
Frames/RainyDay1/01406.jpg,3,1369,576,175,94
Frames/RainyDay1/01407.jpg,3,1444,568,205,131
Frames/RainyDay1/01408.jpg,3,1565,551,273,160
Frames/RainyDay1/01409.jpg,0,1761,539,378,265
Frames/RainyDay1/01446.jpg,0,1293,614,49,25
Frames/RainyDay1/01447.jpg,0,1349,616,71,35
Frames/RainyDay1/01448.jpg,0,1422,611,74,45
Frames/RainyDay1/01449.jpg,0,1549,610,120,51
Frames/RainyDay1/01450.jpg,0,1748,595,156,60
Frames/RainyDay1/01460.jpg,0,1359,600,64,37
Frames/RainyDay1/01461.jpg,0,1444,603,94,43
Frames/RainyDay1/01462.jpg,0,1579,603,113,51
Frames/RainyDay1/01463.jpg,0,1810,590,152,58
Frames/RainyDay1/01463.jpg,0,1637,599,117,43
Frames/RainyDay1/01470.jpg,0,1284,603,60,28
Frames/RainyDay1/01471.jpg,0,1331,601,60,32
Frames/RainyDay1/01472.jpg,1,1404,597,98,39
Frames/RainyDay1/01473.jpg,1,1502,593,120,47
Frames/RainyDay1/01474.jpg,1,1676,593,149,60
Frames/RainyDay1/01497.jpg,0,1496,602,105,41
Frames/RainyDay1/01498.jpg,0,1673,597,128,47
Frames/RainyDay1/01539.jpg,2,1274,583,87,61
Frames/RainyDay1/01540.jpg,2,1307,582,100,59
Frames/RainyDay1/01541.jpg,2,1356,574,111,72
Frames/RainyDay1/01542.jpg,2,1427,567,141,93
Frames/RainyDay1/01543.jpg,2,1517,565,177,119
Frames/RainyDay1/01544.jpg,2,1676,542,262,143
Frames/RainyDay1/01601.jpg,0,1254,609,55,28
Frames/RainyDay1/01602.jpg,0,1307,611,85,28
Frames/RainyDay1/01603.jpg,0,1382,611,85,36
Frames/RainyDay1/01604.jpg,0,1499,614,130,43
Frames/RainyDay1/01605.jpg,0,1698,622,179,62
Frames/RainyDay1/01640.jpg,0,1266,611,62,36
Frames/RainyDay1/01641.jpg,0,1331,617,77,41
Frames/RainyDay1/01642.jpg,0,1425,611,102,32
Frames/RainyDay1/01643.jpg,0,1574,605,153,66
Frames/RainyDay1/01644.jpg,0,1826,607,234,84
Frames/RainyDay1/01704.jpg,0,1223,603,67,36
Frames/RainyDay1/01705.jpg,1,1263,607,72,58
Frames/RainyDay1/01706.jpg,1,1317,604,105,60
Frames/RainyDay1/01707.jpg,1,1381,607,100,66
Frames/RainyDay1/01708.jpg,1,1485,602,143,83
Frames/RainyDay1/01709.jpg,1,1675,594,222,122
Frames/RainyDay1/01715.jpg,1,1245,607,77,40
Frames/RainyDay1/01716.jpg,1,1326,608,96,46
Frames/RainyDay1/01717.jpg,1,1472,608,174,76
Frames/RainyDay1/01718.jpg,0,1402,614,87,51
Frames/RainyDay1/01718.jpg,1,1779,611,294,122
Frames/RainyDay1/01719.jpg,0,1517,619,124,53
Frames/RainyDay1/01720.jpg,0,1720,618,189,77
Frames/RainyDay1/01736.jpg,0,1343,616,84,35
Frames/RainyDay1/01737.jpg,0,1484,610,141,51
Frames/RainyDay1/01738.jpg,0,1785,604,265,79
Frames/RainyDay1/01766.jpg,1,1354,608,81,46
Frames/RainyDay1/01767.jpg,1,1429,602,111,53
Frames/RainyDay1/01768.jpg,1,1543,592,139,66
Frames/RainyDay1/01769.jpg,1,1740,584,205,81
